Timestamp,LME 3 month Cu in ï¿½ per metric tonne  - Trade Close
03/01/12,7790
04/01/12,7540
05/01/12,7540
06/01/12,7580
09/01/12,7496
10/01/12,7740
11/01/12,7780
12/01/12,8005
13/01/12,8000
16/01/12,8089
17/01/12,8200
18/01/12,8239
19/01/12,8365
20/01/12,8220
23/01/12,8365
24/01/12,8355
25/01/12,8384
26/01/12,8590
27/01/12,8525
30/01/12,8429
31/01/12,8320
01/02/12,8440
02/02/12,8345
03/02/12,8565
06/02/12,8500
07/02/12,8481
08/02/12,8580
09/02/12,8760
10/02/12,8481
13/02/12,8425
14/02/12,8415
15/02/12,8370
16/02/12,8300
17/02/12,8175
20/02/12,8236
21/02/12,8449
22/02/12,8435
23/02/12,8390
24/02/12,8531
27/02/12,8536
28/02/12,8600
29/02/12,8499
01/03/12,8629
02/03/12,8580
05/03/12,8505
06/03/12,8290
07/03/12,8295
08/03/12,8330
09/03/12,8500
12/03/12,8445
13/03/12,8558
14/03/12,8465
15/03/12,8565
16/03/12,8510
19/03/12,8570
20/03/12,8430
21/03/12,8455
22/03/12,8290
23/03/12,8380
26/03/12,8535
27/03/12,8535
28/03/12,8349
29/03/12,8350
30/03/12,8445
02/04/12,8641
03/04/12,8615
04/04/12,8350
05/04/12,8361
10/04/12,8030
11/04/12,8040
12/04/12,8220
13/04/12,7990
16/04/12,7985
17/04/12,8050
18/04/12,8050
19/04/12,8050
20/04/12,8193
23/04/12,8045
24/04/12,8150
25/04/12,8205
26/04/12,8320
27/04/12,8415
30/04/12,8400
01/05/12,8440
02/05/12,8305
03/05/12,8229
04/05/12,8175
07/05/12,
08/05/12,8095
09/05/12,8054
10/05/12,8105
11/05/12,8013
14/05/12,7840
15/05/12,7765
16/05/12,7650
17/05/12,7649
18/05/12,7650
21/05/12,7731
22/05/12,7739
23/05/12,7531
24/05/12,7610
25/05/12,7639
28/05/12,7685
29/05/12,7670
30/05/12,7478
31/05/12,7425
01/06/12,7361
04/06/12,
05/06/12,
06/06/12,7410
07/06/12,7495
08/06/12,7295
11/06/12,7420
12/06/12,7395
13/06/12,7390
14/06/12,7420
15/06/12,7511
18/06/12,7510
19/06/12,7609
20/06/12,7545
21/06/12,7341
22/06/12,7310
25/06/12,7336
26/06/12,7359
27/06/12,7405
28/06/12,7385
29/06/12,7685
02/07/12,7625
03/07/12,7819
04/07/12,7725
05/07/12,7695
06/07/12,7531
09/07/12,7560
10/07/12,7490
11/07/12,7540
12/07/12,7555
13/07/12,7700
16/07/12,7691
17/07/12,7595
18/07/12,7637
19/07/12,7730
20/07/12,7545
23/07/12,7401
24/07/12,7417
25/07/12,7446
26/07/12,7470
27/07/12,7565
30/07/12,7545
31/07/12,7560
01/08/12,7425
02/08/12,7330
03/08/12,7445
06/08/12,7495
07/08/12,7580
08/08/12,7550
09/08/12,7534
10/08/12,7490
13/08/12,7395
14/08/12,7416
15/08/12,7386
16/08/12,7449
17/08/12,7539
20/08/12,7457
21/08/12,7610
22/08/12,7605
23/08/12,7685
24/08/12,7640
27/08/12,
28/08/12,7608
29/08/12,7575
30/08/12,7568
31/08/12,7615
03/09/12,7679
04/09/12,7635
05/09/12,7736
06/09/12,7701
07/09/12,7970
10/09/12,8068
11/09/12,8090
12/09/12,8096
13/09/12,8075
14/09/12,8380
17/09/12,8301
18/09/12,8319
19/09/12,8350
20/09/12,8270
21/09/12,8282
24/09/12,8183
25/09/12,8275
26/09/12,8120
27/09/12,8175
28/09/12,8205
01/10/12,8300
02/10/12,8326
03/10/12,8290
04/10/12,8300
05/10/12,8295
08/10/12,8185
09/10/12,8145
10/10/12,8165
11/10/12,8240
12/10/12,8130
15/10/12,8095
16/10/12,8125
17/10/12,8220
18/10/12,8220
19/10/12,8015
22/10/12,7953
23/10/12,7831
24/10/12,7817
25/10/12,7815
26/10/12,7820
29/10/12,7699
30/10/12,7720
31/10/12,7760
01/11/12,7826
02/11/12,7665
05/11/12,7650
06/11/12,7700
07/11/12,7605
08/11/12,7630
09/11/12,7570
12/11/12,7638
13/11/12,7680
14/11/12,7640
15/11/12,7640
16/11/12,7605
19/11/12,7804
20/11/12,7783
21/11/12,7692
22/11/12,7715
23/11/12,7777
26/11/12,7780
27/11/12,7807
28/11/12,7768
29/11/12,7900
30/11/12,7995
03/12/12,8005
04/12/12,8032
05/12/12,8075
06/12/12,8000
07/12/12,8035
10/12/12,8135
11/12/12,8100
12/12/12,8130
13/12/12,8074
14/12/12,8065
17/12/12,8063
18/12/12,8024
19/12/12,7926
20/12/12,7770
21/12/12,7831
24/12/12,7810
27/12/12,7915
28/12/12,7887
31/12/12,7931
02/01/13,8209
03/01/13,8164
04/01/13,8085
07/01/13,8071
08/01/13,8080
09/01/13,8080
10/01/13,8115
11/01/13,8045
14/01/13,8000
15/01/13,7994
16/01/13,7946
17/01/13,8054
18/01/13,8061
21/01/13,8055
22/01/13,8133
23/01/13,8103
24/01/13,8096
25/01/13,8030
28/01/13,8050
29/01/13,8103
30/01/13,8226
31/01/13,8165
01/02/13,8290
04/02/13,8305
05/02/13,8270
06/02/13,8245
07/02/13,8200
08/02/13,8294
11/02/13,8199
12/02/13,8236
13/02/13,8226
14/02/13,8240
15/02/13,8206
18/02/13,8119
19/02/13,8050
20/02/13,7960
21/02/13,7861
22/02/13,7801
25/02/13,7836
26/02/13,7859
27/02/13,7870
28/02/13,7815
01/03/13,7703
04/03/13,7725
05/03/13,7772
06/03/13,7690
07/03/13,7765
08/03/13,7741
11/03/13,7758
12/03/13,7830
13/03/13,7788
14/03/13,7800
15/03/13,7752
18/03/13,7575
19/03/13,7530
20/03/13,7620
21/03/13,7583
22/03/13,7655
25/03/13,7620
26/03/13,7625
27/03/13,7606
28/03/13,7540
02/04/13,7465
03/04/13,7388
04/04/13,7441
05/04/13,7407
08/04/13,7450
09/04/13,7630
10/04/13,7575
11/04/13,7610
12/04/13,7407
15/04/13,7202
16/04/13,7300
17/04/13,7080
18/04/13,7088
19/04/13,6990
22/04/13,6935
23/04/13,6870
24/04/13,7030
25/04/13,7180
26/04/13,7030
29/04/13,7154
30/04/13,7055
01/05/13,6795
02/05/13,6848
03/05/13,7270
06/05/13,
07/05/13,7265
08/05/13,7419
09/05/13,7354
10/05/13,7375
13/05/13,7415
14/05/13,7245
15/05/13,7198
16/05/13,7280
17/05/13,7305
20/05/13,7399
21/05/13,7370
22/05/13,7475
23/05/13,7300
24/05/13,7299
27/05/13,
28/05/13,7323
29/05/13,7265
30/05/13,7317
31/05/13,7309
03/06/13,7340
04/06/13,7455
05/06/13,7455
06/06/13,7335
07/06/13,7230
10/06/13,7162
11/06/13,7065
12/06/13,7120
13/06/13,7050
14/06/13,7090
17/06/13,7083
18/06/13,7005
19/06/13,6960
20/06/13,6770
21/06/13,6818
24/06/13,6670
25/06/13,6795
26/06/13,6735
27/06/13,6750
28/06/13,6750
01/07/13,6979
02/07/13,6910
03/07/13,6993
04/07/13,6950
05/07/13,6789
08/07/13,6830
09/07/13,6730
10/07/13,6825
11/07/13,7000
12/07/13,6954
15/07/13,6917
16/07/13,6998
17/07/13,6890
18/07/13,6905
19/07/13,6915
22/07/13,7029
23/07/13,7039
24/07/13,7055
25/07/13,7015
26/07/13,6862
29/07/13,6878
30/07/13,6735
31/07/13,6880
01/08/13,6999
02/08/13,7005
05/08/13,6975
06/08/13,7005
07/08/13,7006
08/08/13,7185
09/08/13,7275
12/08/13,7251
13/08/13,7275
14/08/13,7318
15/08/13,7309
16/08/13,7400
19/08/13,7306
20/08/13,7320
21/08/13,7240
22/08/13,7320
23/08/13,7360
26/08/13,
27/08/13,7315
28/08/13,7290
29/08/13,7153
30/08/13,7100
02/09/13,7238
03/09/13,7245
04/09/13,7124
05/09/13,7108
06/09/13,7160
09/09/13,7196
10/09/13,7170
11/09/13,7170
12/09/13,7060
13/09/13,7041
16/09/13,7085
17/09/13,7075
18/09/13,7184
19/09/13,7335
20/09/13,7280
23/09/13,7245
24/09/13,7147
25/09/13,7198
26/09/13,7251
27/09/13,7300
30/09/13,7302
01/10/13,7199
02/10/13,7279
03/10/13,7185
04/10/13,7260
07/10/13,7245
08/10/13,7240
09/10/13,7100
10/10/13,7145
11/10/13,7200
14/10/13,7255
15/10/13,7240
16/10/13,7260
17/10/13,7230
18/10/13,7245
21/10/13,7244
22/10/13,7332
23/10/13,7171
24/10/13,7175
25/10/13,7185
28/10/13,7190
29/10/13,7200
30/10/13,7290
31/10/13,7249
01/11/13,7245
04/11/13,7149
05/11/13,7161
06/11/13,7115
07/11/13,7145
08/11/13,7168
11/11/13,7173
12/11/13,7120
13/11/13,6980
14/11/13,6992
15/11/13,7010
18/11/13,6975
19/11/13,6970
20/11/13,6996
21/11/13,7020
22/11/13,7095
25/11/13,7099
26/11/13,7065
27/11/13,7020
28/11/13,7020
29/11/13,7055
02/12/13,6975
03/12/13,6960
04/12/13,7095
05/12/13,7069
06/12/13,7122
09/12/13,7135
10/12/13,7159
11/12/13,7220
12/12/13,7226
13/12/13,7255
16/12/13,7290
17/12/13,7278
18/12/13,7270
19/12/13,7201
20/12/13,7238
23/12/13,7241
24/12/13,7283
27/12/13,7382
30/12/13,7375
31/12/13,7360
02/01/14,7393
03/01/14,7315
06/01/14,7325
07/01/14,7351
08/01/14,7345
09/01/14,7213
10/01/14,7303
13/01/14,7329
14/01/14,7280
15/01/14,7353
16/01/14,7310
17/01/14,7340
20/01/14,7314
21/01/14,7339
22/01/14,7292
23/01/14,7206
24/01/14,7180
27/01/14,7150
28/01/14,7140
29/01/14,7127
30/01/14,7095
31/01/14,7065
03/02/14,7038
04/02/14,7041
05/02/14,7039
06/02/14,7130
07/02/14,7141
10/02/14,7095
11/02/14,7076
12/02/14,7155
13/02/14,7110
14/02/14,7150
17/02/14,7173
18/02/14,7195
19/02/14,7181
20/02/14,7155
21/02/14,7155
24/02/14,7077
25/02/14,7065
26/02/14,7026
27/02/14,7025
28/02/14,7010
03/03/14,6968
04/03/14,7050
05/03/14,7030
06/03/14,7050
07/03/14,6782
10/03/14,6649
11/03/14,6475
12/03/14,6505
13/03/14,6415
14/03/14,6469
17/03/14,6480
18/03/14,6483
19/03/14,6553
20/03/14,6430
21/03/14,6480
24/03/14,6473
25/03/14,6603
26/03/14,6510
27/03/14,6562
28/03/14,6670
31/03/14,6645
01/04/14,6660
02/04/14,6675
03/04/14,6643
04/04/14,6619
07/04/14,6675
08/04/14,6671
09/04/14,6617
10/04/14,6655
11/04/14,6670
14/04/14,6667
15/04/14,6541
16/04/14,6619
17/04/14,6649
22/04/14,6670
23/04/14,6670
24/04/14,6753
25/04/14,6765
28/04/14,6746
29/04/14,6715
30/04/14,6642
01/05/14,6645
02/05/14,6719
06/05/14,6720
07/05/14,6655
08/05/14,6729
09/05/14,6745
12/05/14,6879
13/05/14,6845
14/05/14,6920
15/05/14,6885
16/05/14,6860
19/05/14,6925
20/05/14,6831
21/05/14,6831
22/05/14,6875
23/05/14,6928
27/05/14,6934
28/05/14,6944
29/05/14,6884
30/05/14,6845
02/06/14,6933
03/06/14,6868
04/06/14,6785
05/06/14,6780
06/06/14,6688
09/06/14,6670
10/06/14,6675
11/06/14,6690
12/06/14,6620
13/06/14,6655
16/06/14,6691
17/06/14,6705
18/06/14,6710
19/06/14,6725
20/06/14,6820
23/06/14,6885
24/06/14,6885
25/06/14,6915
26/06/14,6955
27/06/14,6945
30/06/14,7015
01/07/14,7020
02/07/14,7125
03/07/14,7175
04/07/14,7150
07/07/14,7125
08/07/14,7130
09/07/14,7125
10/07/14,7162
11/07/14,7156
14/07/14,7123
15/07/14,7130
16/07/14,7078
17/07/14,7068
18/07/14,6985
21/07/14,7025
22/07/14,7040
23/07/14,7045
24/07/14,7170
25/07/14,7125
28/07/14,7120
29/07/14,7082
30/07/14,7125
31/07/14,7115
01/08/14,7075
04/08/14,7130
05/08/14,7055
06/08/14,6970
07/08/14,6999
08/08/14,6995
11/08/14,6995
12/08/14,6965
13/08/14,6885
14/08/14,6825
15/08/14,6870
18/08/14,6905
19/08/14,6868
20/08/14,7010
21/08/14,7015
22/08/14,7076
26/08/14,7054
27/08/14,7030
28/08/14,6934
29/08/14,6982
01/09/14,6942
02/09/14,6968
03/09/14,6904
04/09/14,6930
05/09/14,6975
08/09/14,6990
09/09/14,6840
10/09/14,6870
11/09/14,6835
12/09/14,6838
15/09/14,6820
16/09/14,6901
17/09/14,6931
18/09/14,6843
19/09/14,6835
22/09/14,6721
23/09/14,6720
24/09/14,6742
25/09/14,6695
26/09/14,6718
29/09/14,6742
30/09/14,6667
01/10/14,6680
02/10/14,6601
03/10/14,6642
06/10/14,6710
07/10/14,6670
08/10/14,6638
09/10/14,6720
10/10/14,6645
11/10/14,
13/10/14,6710
14/10/14,6800
15/10/14,6641
16/10/14,6552
17/10/14,6639
20/10/14,6560
21/10/14,6669
22/10/14,6630
23/10/14,6694
24/10/14,6690
27/10/14,6730
28/10/14,6795
29/10/14,6815
30/10/14,6740
31/10/14,6695
03/11/14,6720
04/11/14,6648
05/11/14,6638
06/11/14,6660
07/11/14,6715
10/11/14,6665
11/11/14,6692
12/11/14,6680
13/11/14,6657
14/11/14,6705
17/11/14,6704
18/11/14,6631
19/11/14,6685
20/11/14,6665
21/11/14,6725
24/11/14,6675
25/11/14,6606
26/11/14,6571
27/11/14,6557.5
28/11/14,6351
01/12/14,6449
02/12/14,6414
03/12/14,6380
04/12/14,6470
05/12/14,6451
08/12/14,6405
09/12/14,6480
10/12/14,6415
11/12/14,6462.5
12/12/14,6490
15/12/14,6400
16/12/14,6365
17/12/14,6368
18/12/14,6315
19/12/14,6400
22/12/14,6355
23/12/14,6330
24/12/14,6302
29/12/14,6290
30/12/14,6325
31/12/14,6300
02/01/15,6255
05/01/15,6145
06/01/15,6145
07/01/15,6115
08/01/15,6104
09/01/15,6090
12/01/15,6017
13/01/15,5860
14/01/15,5548
15/01/15,5630
16/01/15,5715
19/01/15,5672
20/01/15,5690
21/01/15,5771
22/01/15,5665
23/01/15,5519.5
26/01/15,5580
27/01/15,5421
28/01/15,5484
29/01/15,5395
30/01/15,5495
02/02/15,5500
03/02/15,5690
04/02/15,5705
05/02/15,5720
06/02/15,5650
09/02/15,5673
10/02/15,5595
11/02/15,5600
12/02/15,5740
13/02/15,5735
16/02/15,5749
17/02/15,5649.5
18/02/15,5745
19/02/15,5750
20/02/15,5693
23/02/15,5672
24/02/15,5785
25/02/15,5775
26/02/15,5888
27/02/15,5895
02/03/15,5905.5
03/03/15,5822
04/03/15,5840
05/03/15,5835
06/03/15,5745
09/03/15,5872
10/03/15,5765
11/03/15,5730
12/03/15,5844
13/03/15,5858.5
16/03/15,5847.5
17/03/15,5785
18/03/15,5670
19/03/15,5853
20/03/15,6045
23/03/15,6120
24/03/15,6145
25/03/15,6125
26/03/15,6174
27/03/15,6055
30/03/15,6082
31/03/15,6041
01/04/15,6045
02/04/15,5980
07/04/15,6065
08/04/15,6010
09/04/15,5995
10/04/15,6039
13/04/15,5990
14/04/15,5945
15/04/15,5955
16/04/15,6060
17/04/15,6060
20/04/15,5980
21/04/15,5945
22/04/15,5911
23/04/15,5940
24/04/15,6030
27/04/15,6065
28/04/15,6118
29/04/15,6145
30/04/15,6335
01/05/15,6400
05/05/15,6480
06/05/15,6390
07/05/15,6400
08/05/15,6387.5
11/05/15,6365
12/05/15,6440
13/05/15,6405
14/05/15,6401
15/05/15,6415
18/05/15,6380
19/05/15,6220
20/05/15,6220
21/05/15,6252
22/05/15,6161.5
26/05/15,6106.5
27/05/15,6080.5
28/05/15,6095
29/05/15,6015
01/06/15,6024
02/06/15,6040
03/06/15,6011
04/06/15,5915
05/06/15,5937
08/06/15,5948
09/06/15,5965
10/06/15,6030
11/06/15,5880
12/06/15,5912
15/06/15,5815
16/06/15,5750
17/06/15,5745
18/06/15,5755
19/06/15,5659
22/06/15,5654
23/06/15,5780
24/06/15,5739
25/06/15,5770
26/06/15,5755
29/06/15,5790
30/06/15,5765
01/07/15,5775
02/07/15,5795
03/07/15,5759
06/07/15,5590
07/07/15,5339.5
08/07/15,5520
09/07/15,5630
10/07/15,5590
13/07/15,5591
14/07/15,5565
15/07/15,5531
16/07/15,5560
17/07/15,5480
20/07/15,5480
21/07/15,5455
22/07/15,5361
23/07/15,5272.5
24/07/15,5263
27/07/15,5188
28/07/15,5297.5
29/07/15,5328
30/07/15,5260
31/07/15,5230
03/08/15,5220
04/08/15,5235
05/08/15,5178
06/08/15,5185
07/08/15,5173
10/08/15,5309
11/08/15,5125
12/08/15,5189.5
13/08/15,5185
14/08/15,5165
17/08/15,5115
18/08/15,5035
19/08/15,4995
20/08/15,5119
21/08/15,5055
24/08/15,4951
25/08/15,5065
26/08/15,4935
27/08/15,5140
28/08/15,5135
01/09/15,5069
02/09/15,5120
03/09/15,5246
04/09/15,5120
07/09/15,5148
08/09/15,5345
09/09/15,5365
10/09/15,5398
11/09/15,5370
14/09/15,5309
15/09/15,5347
16/09/15,5379
17/09/15,5390
18/09/15,5254
21/09/15,5269
22/09/15,5078
23/09/15,5057
24/09/15,5051
25/09/15,5023
28/09/15,4965
29/09/15,4970
30/09/15,5160
01/10/15,5095
02/10/15,5100
05/10/15,5177
06/10/15,5185
07/10/15,5187
08/10/15,5135
09/10/15,5295
12/10/15,5315
13/10/15,5273
14/10/15,5299
15/10/15,5308
16/10/15,5285
19/10/15,5206
20/10/15,5201
21/10/15,5175
22/10/15,5232.5
23/10/15,5176
26/10/15,5191
27/10/15,5220
28/10/15,5204
29/10/15,5130
30/10/15,5112
02/11/15,5125
03/11/15,5125
04/11/15,5134
05/11/15,5011
06/11/15,4987
09/11/15,4964
10/11/15,4925.5
11/11/15,4943
12/11/15,4823.5
13/11/15,4825
16/11/15,4690
17/11/15,4684
18/11/15,4611
19/11/15,4630.5
20/11/15,4580
23/11/15,4490
24/11/15,4608
25/11/15,4549
26/11/15,4636
27/11/15,4573
30/11/15,4586
01/12/15,4632
02/12/15,4563
03/12/15,4556
04/12/15,4612
07/12/15,4557
08/12/15,4588
09/12/15,4580
10/12/15,4590
11/12/15,4703
14/12/15,4672
15/12/15,4565
16/12/15,4609
17/12/15,4545
18/12/15,4685
21/12/15,4738
22/12/15,4665.5
23/12/15,4720
24/12/15,4692
29/12/15,4729
30/12/15,4735
31/12/15,4705
04/01/16,4609.5
05/01/16,4645
06/01/16,4620
07/01/16,4524
08/01/16,4485
11/01/16,4387
12/01/16,4352
13/01/16,4392
14/01/16,4415.5
15/01/16,4331
18/01/16,4377
19/01/16,4408
20/01/16,4359
21/01/16,4430
22/01/16,4443
25/01/16,4417
26/01/16,4539
27/01/16,4590
28/01/16,4530
29/01/16,4561
01/02/16,4560
02/02/16,4549
03/02/16,4635
04/02/16,4687
05/02/16,4630
08/02/16,4610.5
09/02/16,4509
10/02/16,4444
11/02/16,4445
12/02/16,4500
15/02/16,4562
16/02/16,4557
17/02/16,4589
18/02/16,4575.5
19/02/16,4621
22/02/16,4694
23/02/16,4645
24/02/16,4642
25/02/16,4601
26/02/16,4706
29/02/16,4695
01/03/16,4716
02/03/16,4790
03/03/16,4855
04/03/16,5027.5
07/03/16,5000
08/03/16,4868
09/03/16,4935
10/03/16,4890
11/03/16,4970
14/03/16,4946
15/03/16,4949
16/03/16,4935
17/03/16,5069.5
18/03/16,5042
21/03/16,5064
22/03/16,5065
23/03/16,4949.5
24/03/16,4945
29/03/16,4890.5
30/03/16,4872.5
31/03/16,4847
01/04/16,4835
04/04/16,4760.5
05/04/16,4775
06/04/16,4786
07/04/16,4650.5
08/04/16,4650
11/04/16,4663.5
12/04/16,4766.5
13/04/16,4830
14/04/16,4831
15/04/16,4807.5
18/04/16,4827
19/04/16,4936
20/04/16,4981
21/04/16,4997
22/04/16,5031
25/04/16,4998
26/04/16,4962
27/04/16,4903
28/04/16,4942
29/04/16,5050
03/05/16,4920
04/05/16,4867
05/05/16,4785
06/05/16,4810
09/05/16,4686
10/05/16,4680
11/05/16,4708
12/05/16,4613
13/05/16,4627.5
16/05/16,4645
17/05/16,4657
18/05/16,4612.5
19/05/16,4580
20/05/16,4578
23/05/16,4562
24/05/16,4601
25/05/16,4654
26/05/16,4661
27/05/16,4695
31/05/16,4671
01/06/16,4617
02/06/16,4608
03/06/16,4688
06/06/16,4688
07/06/16,4567
08/06/16,4578
09/06/16,4515
10/06/16,4510
13/06/16,4557
14/06/16,4510.5
15/06/16,4639.5
16/06/16,4535
17/06/16,4552
20/06/16,4644
21/06/16,4670
22/06/16,4701
23/06/16,4780
24/06/16,4698
27/06/16,4710
28/06/16,4818
29/06/16,4838
30/06/16,4845
01/07/16,4911
04/07/16,4893
05/07/16,4817
06/07/16,4750
07/07/16,4687
08/07/16,4710.5
11/07/16,4749
12/07/16,4869
13/07/16,4938
14/07/16,4941
15/07/16,4918
18/07/16,4939
19/07/16,4984
20/07/16,4966
21/07/16,4976
22/07/16,4920
25/07/16,4899
26/07/16,4930
27/07/16,4850
28/07/16,4896.5
29/07/16,4925
01/08/16,4882
02/08/16,4892
03/08/16,4875
04/08/16,4831
05/08/16,4789
08/08/16,4810
09/08/16,4779
10/08/16,4821
11/08/16,4848
12/08/16,4761
15/08/16,4767
16/08/16,4811
17/08/16,4774
18/08/16,4809
19/08/16,4798
22/08/16,4748.5
23/08/16,4710
24/08/16,4632
25/08/16,4626
26/08/16,4615
30/08/16,4607
31/08/16,4617
01/09/16,4630
02/09/16,4627
05/09/16,4626
06/09/16,4620
07/09/16,4650
08/09/16,4664
09/09/16,4633
12/09/16,4648
13/09/16,4650
14/09/16,4771.5
15/09/16,4781
16/09/16,4788
19/09/16,4776
20/09/16,4793
21/09/16,4763
22/09/16,4853
23/09/16,4855
26/09/16,4841
27/09/16,4787
28/09/16,4818
29/09/16,4841
30/09/16,4865
03/10/16,4819
04/10/16,4805
05/10/16,4799.5
06/10/16,4756
07/10/16,4778
10/10/16,4848.5
11/10/16,4812
12/10/16,4814
13/10/16,4712
14/10/16,4675
17/10/16,4675
18/10/16,4681
19/10/16,4671
20/10/16,4652
21/10/16,4635
24/10/16,4638
25/10/16,4735
26/10/16,4740
27/10/16,4790
28/10/16,4843
31/10/16,4853
01/11/16,4920
02/11/16,4920
03/11/16,4960
04/11/16,4991
07/11/16,5098
08/11/16,5235.5
09/11/16,5413
10/11/16,5601
11/11/16,5549
14/11/16,5559
15/11/16,5525
16/11/16,5433
17/11/16,5495.5
18/11/16,5423
21/11/16,5559
22/11/16,5613
23/11/16,5740
24/11/16,5868
25/11/16,5879
28/11/16,5881
29/11/16,5705
30/11/16,5825
01/12/16,5791
02/12/16,5760
05/12/16,5950
06/12/16,5884
07/12/16,5785
08/12/16,5782
09/12/16,5826
12/12/16,5768
13/12/16,5690
14/12/16,5722
15/12/16,5732
16/12/16,5635.5
19/12/16,5496
20/12/16,5502
21/12/16,5515
22/12/16,5518
23/12/16,5469
28/12/16,5545
29/12/16,5487
30/12/16,5535.5
03/01/17,5500
04/01/17,5644
05/01/17,5580
06/01/17,5590
09/01/17,5591
10/01/17,5758
11/01/17,5714
12/01/17,5842
13/01/17,5909
16/01/17,5865
17/01/17,5754
18/01/17,5769
19/01/17,5739.5
20/01/17,5748
23/01/17,5795
24/01/17,5943
25/01/17,5942
26/01/17,5857
27/01/17,5899
30/01/17,5820
31/01/17,5991
01/02/17,5945
02/02/17,5886
03/02/17,5772
06/02/17,5846
07/02/17,5795
08/02/17,5895
09/02/17,5822
10/02/17,6090
13/02/17,6106
14/02/17,6021
15/02/17,6067
16/02/17,6000
17/02/17,5960
20/02/17,6070
21/02/17,6060
22/02/17,6040
23/02/17,5859
24/02/17,5928
27/02/17,5934
28/02/17,5973
01/03/17,6016
02/03/17,5930
03/03/17,5917
06/03/17,5858
07/03/17,5773
08/03/17,5765.5
09/03/17,5690
10/03/17,5732
13/03/17,5796
14/03/17,5820
15/03/17,5864
16/03/17,5909
17/03/17,5935
20/03/17,5880
21/03/17,5776
22/03/17,5808
23/03/17,5825
24/03/17,5804
27/03/17,5760
28/03/17,5873
29/03/17,5907
30/03/17,5956
31/03/17,5837.5
03/04/17,5753
04/04/17,5779.5
05/04/17,5895
06/04/17,5858
07/04/17,5834
10/04/17,5747
11/04/17,5767
12/04/17,5628
13/04/17,5692
18/04/17,5572
19/04/17,5556
20/04/17,5623
21/04/17,5623
24/04/17,5655
25/04/17,5706
26/04/17,5715
27/04/17,5692
28/04/17,5735.5
02/05/17,5802
03/05/17,5600
04/05/17,5543
05/05/17,5585
08/05/17,5486
09/05/17,5512
10/05/17,5500.5
11/05/17,5543
12/05/17,5559.5
15/05/17,5613
16/05/17,5611
17/05/17,5610
18/05/17,5580
19/05/17,5682
22/05/17,5703
23/05/17,5714
24/05/17,5682
25/05/17,5724
26/05/17,5657.5
30/05/17,5656
31/05/17,5682
01/06/17,5699
02/06/17,5665
05/06/17,5628
06/06/17,5616
07/06/17,5621
08/06/17,5729.5
09/06/17,5804
12/06/17,5772
13/06/17,5717
14/06/17,5699
15/06/17,5661
16/06/17,5663
19/06/17,5724
20/06/17,5657
21/06/17,5742
22/06/17,5742
23/06/17,5800.5
26/06/17,5794.5
27/06/17,5858
28/06/17,5881
29/06/17,5940
30/06/17,5937
03/07/17,5928
04/07/17,5892
05/07/17,5841
06/07/17,5851
07/07/17,5828
10/07/17,5824
11/07/17,5875
12/07/17,5905
13/07/17,5876
14/07/17,5926
17/07/17,5996
18/07/17,6007
19/07/17,5966.5
20/07/17,5958.5
21/07/17,6004
24/07/17,6027
25/07/17,6225
26/07/17,6329
27/07/17,6330
28/07/17,6325
31/07/17,6369
01/08/17,6345
02/08/17,6352
03/08/17,6352
04/08/17,6372
07/08/17,6414
08/08/17,6480
09/08/17,6455
10/08/17,6423
11/08/17,6411
14/08/17,6397
15/08/17,6379
16/08/17,6532
17/08/17,6490
18/08/17,6486
21/08/17,6586
22/08/17,6580
23/08/17,6565
24/08/17,6688
25/08/17,6666
29/08/17,6791.5
30/08/17,6769
31/08/17,6788
01/09/17,6835
04/09/17,6917
05/09/17,6900
06/09/17,6901
07/09/17,6898.5
08/09/17,6693
11/09/17,6748
12/09/17,6668
13/09/17,6553
14/09/17,6498
15/09/17,6507
18/09/17,6527
19/09/17,6539
20/09/17,6526
21/09/17,6480
22/09/17,6457
25/09/17,6450
26/09/17,6413
27/09/17,6437
28/09/17,6522
29/09/17,6481
02/10/17,6493
03/10/17,6520
04/10/17,6521
05/10/17,6700
06/10/17,6666.5
09/10/17,6666
10/10/17,6760
11/10/17,6800
12/10/17,6887
13/10/17,6882
16/10/17,7134.5
17/10/17,7027
18/10/17,6990
19/10/17,6967
20/10/17,6952
23/10/17,7004
24/10/17,7035.5
25/10/17,7010
26/10/17,6986
27/10/17,6830
30/10/17,6867
31/10/17,6839
01/11/17,6930
02/11/17,6929
03/11/17,6895
06/11/17,6970
07/11/17,6826
08/11/17,6855
09/11/17,6808
10/11/17,6786
13/11/17,6895
14/11/17,6759
15/11/17,6773
16/11/17,6737
17/11/17,6777
20/11/17,6828
21/11/17,6909
22/11/17,6954
23/11/17,6963
24/11/17,7002
27/11/17,6942
28/11/17,6805
29/11/17,6760
30/11/17,6762
01/12/17,6833
04/12/17,6826
05/12/17,6543
06/12/17,6550
07/12/17,6564
08/12/17,6571
11/12/17,6670
12/12/17,6663
13/12/17,6729
14/12/17,6793
15/12/17,6886
18/12/17,6905
19/12/17,6942
20/12/17,7044
21/12/17,7086
22/12/17,7125
27/12/17,7240
28/12/17,7289
29/12/17,7247
02/01/18,7205
03/01/18,7147
04/01/18,7188.5
05/01/18,7121
08/01/18,7125
09/01/18,7102
10/01/18,7153
11/01/18,7140.5
12/01/18,7110
15/01/18,7210
16/01/18,7078
17/01/18,7034
18/01/18,7076
19/01/18,7041
22/01/18,7068
23/01/18,6923
24/01/18,7150
25/01/18,7138
26/01/18,7085
29/01/18,7085
30/01/18,7050
31/01/18,7118
01/02/18,7119
02/02/18,7045
05/02/18,7169
06/02/18,7076
07/02/18,6880
08/02/18,6845
09/02/18,6755
12/02/18,6831
13/02/18,6988
14/02/18,7163
15/02/18,7182
16/02/18,7233
19/02/18,7118
20/02/18,7090
21/02/18,7119
22/02/18,7162
23/02/18,7095
26/02/18,7110
27/02/18,7021
28/02/18,6931
01/03/18,6922
02/03/18,6898
05/03/18,6910
06/03/18,7004
07/03/18,6950
08/03/18,6833
09/03/18,6962
12/03/18,6913
13/03/18,6945
14/03/18,6988.5
15/03/18,6920
16/03/18,6888
19/03/18,6854
20/03/18,6755
21/03/18,6793
22/03/18,6695
23/03/18,6660
26/03/18,6602
27/03/18,6649
28/03/18,6665
29/03/18,6714
03/04/18,6796
04/04/18,6724
05/04/18,6816
06/04/18,6769
09/04/18,6830
10/04/18,6945
11/04/18,6950
12/04/18,6821
13/04/18,6830
16/04/18,6910.5
17/04/18,6877
18/04/18,7022
19/04/18,6984
20/04/18,6992
23/04/18,6943.5
24/04/18,7013
25/04/18,7008
26/04/18,6965
27/04/18,6797
30/04/18,6807
01/05/18,6745
02/05/18,6820
03/05/18,6827
04/05/18,6826
08/05/18,6745
09/05/18,6810
10/05/18,6917
11/05/18,6942
14/05/18,6885
15/05/18,6808
16/05/18,6826
17/05/18,6879
18/05/18,6855
21/05/18,6879
22/05/18,6979
23/05/18,6867
24/05/18,6880
25/05/18,6885
29/05/18,6860
30/05/18,6840
31/05/18,6852
01/06/18,6896
04/06/18,6975
05/06/18,7099
06/06/18,7220
07/06/18,7332
08/06/18,7312
11/06/18,7255
12/06/18,7222
13/06/18,7257
14/06/18,7177
15/06/18,7020
18/06/18,6964
19/06/18,6840
20/06/18,6773
21/06/18,6786
22/06/18,6789
25/06/18,6755
26/06/18,6713
27/06/18,6692.5
28/06/18,6623
29/06/18,6626
02/07/18,6523
03/07/18,6491
04/07/18,6386
05/07/18,6345
06/07/18,6282
09/07/18,6390
10/07/18,6332.5
11/07/18,6145
12/07/18,6228
13/07/18,6237
16/07/18,6192
17/07/18,6152
18/07/18,6150
19/07/18,6065
20/07/18,6147.5
23/07/18,6130
24/07/18,6295
25/07/18,6290
26/07/18,6291
27/07/18,6297
30/07/18,6250
31/07/18,6300
01/08/18,6172
02/08/18,6139.5
03/08/18,6206
06/08/18,6133
07/08/18,6175
08/08/18,6173
09/08/18,6225
10/08/18,6190
13/08/18,6153.5
14/08/18,6044
15/08/18,5801
16/08/18,5938
17/08/18,5926
20/08/18,5991.5
21/08/18,6045
22/08/18,6005
23/08/18,5986.5
24/08/18,6105
28/08/18,6147
29/08/18,6086
30/08/18,6066
31/08/18,5975
03/09/18,5967
04/09/18,5815
05/09/18,5871
06/09/18,5927.5
07/09/18,5933
10/09/18,5910
11/09/18,5859
12/09/18,5997
13/09/18,6033
14/09/18,5973
17/09/18,5945
18/09/18,6086
19/09/18,6121
20/09/18,6082
21/09/18,6363
24/09/18,6353
25/09/18,6318
26/09/18,6282
27/09/18,6187
28/09/18,6258
01/10/18,6249
02/10/18,6280
03/10/18,6267
04/10/18,6290
05/10/18,6173
08/10/18,6178
09/10/18,6292
10/10/18,6239
11/10/18,6242
12/10/18,6302
15/10/18,6301
16/10/18,6215
17/10/18,6219
18/10/18,6157
19/10/18,6220
22/10/18,6242
23/10/18,6196
24/10/18,6179
25/10/18,6226
26/10/18,6160
29/10/18,6160
30/10/18,6032
31/10/18,5992
01/11/18,6090
02/11/18,6283
05/11/18,6191
06/11/18,6158
07/11/18,6153
08/11/18,6155
09/11/18,6056
12/11/18,6049
13/11/18,6073
14/11/18,6090
15/11/18,6184
16/11/18,6205
19/11/18,6259
20/11/18,6184
21/11/18,6235
22/11/18,6255
23/11/18,6207
26/11/18,6189
27/11/18,6121.5
28/11/18,6200
29/11/18,6212
30/11/18,6198
03/12/18,6295
04/12/18,6209
05/12/18,6175
06/12/18,6070
07/12/18,6145
10/12/18,6089
11/12/18,6168
12/12/18,6140
13/12/18,6155
14/12/18,6131.5
17/12/18,6123
18/12/18,5970
19/12/18,6015
20/12/18,6000
21/12/18,5991
24/12/18,5955.5
27/12/18,5986.5
28/12/18,5997
31/12/18,5965
02/01/19,5842
03/01/19,5736
04/01/19,5918
07/01/19,5923
08/01/19,5906
09/01/19,5958
10/01/19,5930
11/01/19,5942
14/01/19,5897
15/01/19,5920
16/01/19,5970
17/01/19,5992
18/01/19,6052
21/01/19,5981
22/01/19,5935
23/01/19,5951.5
24/01/19,5922
25/01/19,6056
28/01/19,6002
29/01/19,6050
30/01/19,6136
31/01/19,6169
01/02/19,6139
04/02/19,6168
05/02/19,6233
06/02/19,6279
07/02/19,6246
08/02/19,6210
11/02/19,6150
12/02/19,6106
13/02/19,6125
14/02/19,6137
15/02/19,6188
18/02/19,6275
19/02/19,6319
20/02/19,6405
21/02/19,6380
22/02/19,6478
25/02/19,6480
26/02/19,6493
27/02/19,6506.5
28/02/19,6509
01/03/19,6478
04/03/19,6409
05/03/19,6478
06/03/19,6468
07/03/19,6423.5
08/03/19,6395
11/03/19,6407
12/03/19,6472
13/03/19,6472.5
14/03/19,6404
15/03/19,6431
18/03/19,6425
19/03/19,6459
20/03/19,6457
21/03/19,6421
22/03/19,6312
25/03/19,6340
26/03/19,6330
27/03/19,6335
28/03/19,6360
29/03/19,6482.5
01/04/19,6471
02/04/19,6426.5
03/04/19,6492
04/04/19,6451
05/04/19,6401
08/04/19,6475
09/04/19,6487
10/04/19,6464
11/04/19,6408
12/04/19,6484
15/04/19,6480
16/04/19,6495
17/04/19,6556
18/04/19,6476
23/04/19,6407
24/04/19,6448
25/04/19,6365
26/04/19,6400
29/04/19,6396
30/04/19,6415
01/05/19,6235
02/05/19,6167
03/05/19,6236
07/05/19,6180
08/05/19,6148
09/05/19,6102
10/05/19,6126
13/05/19,6011
14/05/19,6027
15/05/19,6085
16/05/19,6100
17/05/19,6056
20/05/19,6029
21/05/19,5996
22/05/19,5928
23/05/19,5926
24/05/19,5955
28/05/19,5960
29/05/19,5883
30/05/19,5852
31/05/19,5830
03/06/19,5842
04/06/19,5879
05/06/19,5807
06/06/19,5808
07/06/19,5799
10/06/19,5874
11/06/19,5876
12/06/19,5852
13/06/19,5858
14/06/19,5822
17/06/19,5845
18/06/19,5949
19/06/19,5918
20/06/19,5973
21/06/19,5971
24/06/19,5960
25/06/19,6042
26/06/19,5988
27/06/19,5989
28/06/19,5993
01/07/19,5954.5
02/07/19,5887
03/07/19,5918
04/07/19,5920
05/07/19,5902
08/07/19,5892
09/07/19,5822
10/07/19,5940
11/07/19,5955
12/07/19,5935
15/07/19,5983
16/07/19,6012
17/07/19,5980
18/07/19,5983
19/07/19,6065
22/07/19,6017.5
23/07/19,5968
24/07/19,5999
25/07/19,6007
26/07/19,5963
29/07/19,6018
30/07/19,5948
31/07/19,5927
01/08/19,5899
02/08/19,5729.5
05/08/19,5685
06/08/19,5683
07/08/19,5705
08/08/19,5798
09/08/19,5755
12/08/19,5742
13/08/19,5828.5
14/08/19,5765
15/08/19,5751
16/08/19,5744
19/08/19,5774
20/08/19,5711
21/08/19,5732
22/08/19,5683
23/08/19,5633
27/08/19,5683
28/08/19,5690
29/08/19,5726.5
30/08/19,5676
02/09/19,5620
03/09/19,5610
04/09/19,5748
05/09/19,5845
06/09/19,5833
09/09/19,5815
10/09/19,5825
11/09/19,5772.5
12/09/19,5833
13/09/19,5974.5
16/09/19,5870
17/09/19,5821
18/09/19,5814
19/09/19,5788
20/09/19,5798
23/09/19,5778
24/09/19,5780
25/09/19,5787
26/09/19,5722
27/09/19,5767
30/09/19,5725
01/10/19,5686
02/10/19,5678
03/10/19,5662
04/10/19,5643
07/10/19,5722
08/10/19,5675.5
09/10/19,5684
10/10/19,5781
11/10/19,5796
14/10/19,5818
15/10/19,5773
16/10/19,5730
17/10/19,5739
18/10/19,5806
21/10/19,5828
22/10/19,5818
23/10/19,5881
24/10/19,5880
25/10/19,5925
28/10/19,5908
29/10/19,5927.5
30/10/19,5908
31/10/19,5797
01/11/19,5850
04/11/19,5877
05/11/19,5940
06/11/19,5907
07/11/19,5974
08/11/19,5924
11/11/19,5878.5
12/11/19,5869
13/11/19,5835
14/11/19,5812
15/11/19,5849
18/11/19,5830
19/11/19,5875
20/11/19,5875
21/11/19,5829
22/11/19,5855
25/11/19,5868
26/11/19,5924
27/11/19,5945
28/11/19,5892
29/11/19,5864
02/12/19,5883
03/12/19,5815
04/12/19,5885
05/12/19,5888
06/12/19,5990
09/12/19,6075
10/12/19,6100
11/12/19,6156
12/12/19,6156
13/12/19,6130
16/12/19,6199
17/12/19,6200
18/12/19,6174.5
19/12/19,6215
20/12/19,6175
23/12/19,6190
24/12/19,6215
27/12/19,6214
30/12/19,6219
31/12/19,6174
02/01/20,6188
03/01/20,6129.5
06/01/20,6138.5
07/01/20,6149
08/01/20,6178
09/01/20,6180
10/01/20,6198
13/01/20,6290
14/01/20,6302
15/01/20,6287
16/01/20,6277.5
17/01/20,6273
20/01/20,6259
21/01/20,6160
22/01/20,6106
23/01/20,5987
24/01/20,5926
27/01/20,5743
28/01/20,5703
29/01/20,5641
30/01/20,5587.5
31/01/20,5567
03/02/20,5525
04/02/20,5618
05/02/20,5722
06/02/20,5735
07/02/20,5663
10/02/20,5667
11/02/20,5745
12/02/20,5764
13/02/20,5790
14/02/20,5760
17/02/20,5812
18/02/20,5773
19/02/20,5770
20/02/20,5728
21/02/20,5765
24/02/20,5689
25/02/20,5685
26/02/20,5670
27/02/20,5616
28/02/20,5635
02/03/20,5700
03/03/20,5666.5
04/03/20,5684
05/03/20,5674
06/03/20,5607
09/03/20,5535
10/03/20,5566
11/03/20,5529
12/03/20,5440
13/03/20,5460
16/03/20,5290.5
17/03/20,5144
18/03/20,4745
19/03/20,4825
20/03/20,4810
23/03/20,4630
24/03/20,4814
25/03/20,4855
26/03/20,4804
27/03/20,4790.5
30/03/20,4769.5
31/03/20,4951
01/04/20,4800
02/04/20,4897
03/04/20,4839.5
06/04/20,4884
07/04/20,5040
08/04/20,5002.5
09/04/20,5019.5
14/04/20,5163
15/04/20,5111.5
16/04/20,5140
17/04/20,5211
20/04/20,5183.5
21/04/20,5030
22/04/20,5131.5
23/04/20,5160.5
24/04/20,5139.5
27/04/20,5197
28/04/20,5223
29/04/20,5261
30/04/20,5188.5
01/05/20,5110
04/05/20,5123
05/05/20,5158
06/05/20,5198
07/05/20,5274
11/05/20,5257
12/05/20,5256.5
13/05/20,5224
14/05/20,5202
15/05/20,5181.5
18/05/20,5317.5
19/05/20,5355
20/05/20,5442.5
21/05/20,5390.5
22/05/20,5288.5
26/05/20,5362
27/05/20,5259.5
28/05/20,5332.5
29/05/20,5376.5
01/06/20,5484
02/06/20,5528.5
03/06/20,5524.5
04/06/20,5533
05/06/20,5690
08/06/20,5699.5
09/06/20,5774
10/06/20,5907
11/06/20,5764.5
12/06/20,5784.5
15/06/20,5707.5
16/06/20,5728.5
17/06/20,5770
18/06/20,5805
19/06/20,5849.5
22/06/20,5880.5
23/06/20,5905
24/06/20,5865
25/06/20,5893
26/06/20,5957
29/06/20,5961.5
30/06/20,6015
01/07/20,6061
02/07/20,6073
03/07/20,6017
06/07/20,6128.5
07/07/20,6188
08/07/20,6232
09/07/20,6300
10/07/20,6412
13/07/20,6571
14/07/20,6498.5
15/07/20,6386
16/07/20,6436.5
17/07/20,6448
20/07/20,6487.5
21/07/20,6534.5
22/07/20,6486
23/07/20,6544.5
24/07/20,6415
27/07/20,6420.5
28/07/20,6477
29/07/20,6474
30/07/20,6430.5
31/07/20,6413
03/08/20,6490
04/08/20,6453
05/08/20,6494.5
06/08/20,6478.5
07/08/20,6308
10/08/20,6396.5
11/08/20,6386
12/08/20,6432.5
13/08/20,6256
14/08/20,6366.5
17/08/20,6446
18/08/20,6567.5
19/08/20,6685
20/08/20,6601.5
21/08/20,6490
24/08/20,6516
25/08/20,6529
26/08/20,6594
27/08/20,6621
28/08/20,6667
01/09/20,6687.5
02/09/20,6697
03/09/20,6563.5
04/09/20,6710
07/09/20,6789
08/09/20,6668
09/09/20,6734
10/09/20,6668.5
11/09/20,6739
14/09/20,6796
15/09/20,6761.5
16/09/20,6777
17/09/20,6780.5
18/09/20,6812.5
21/09/20,6691.5
22/09/20,6780
23/09/20,6604.5
24/09/20,6523.5
25/09/20,6545
28/09/20,6572
29/09/20,6579
30/09/20,6672
01/10/20,6387
02/10/20,6553
05/10/20,6528.5
06/10/20,6530
07/10/20,6679
08/10/20,6683
09/10/20,6763
12/10/20,6737.5
13/10/20,6692
14/10/20,6716
15/10/20,6749
16/10/20,6740
19/10/20,6779.5
20/10/20,6899
21/10/20,6991.5
22/10/20,6922.5
23/10/20,6867.5
26/10/20,6781
27/10/20,6798
28/10/20,6748
29/10/20,6729.5
30/10/20,6718.5
02/11/20,6762
03/11/20,6816
04/11/20,6837.5
05/11/20,6852.5
06/11/20,6946.5
09/11/20,6916
10/11/20,6932
11/11/20,6885
12/11/20,6934
13/11/20,6982.5
16/11/20,7108
17/11/20,7068
18/11/20,7088.5
19/11/20,7093
20/11/20,7277.5
23/11/20,7177.5
24/11/20,7293
25/11/20,7300
26/11/20,7402.5
27/11/20,7499.5
30/11/20,7580
01/12/20,7694.5
02/12/20,7673
03/12/20,7674.5
04/12/20,7760.5
07/12/20,7710
08/12/20,7699
09/12/20,7723
10/12/20,7878
11/12/20,7772.5
14/12/20,7751
15/12/20,7782.5
16/12/20,7836
17/12/20,7920
18/12/20,7985
21/12/20,7846.5
22/12/20,7746.5
23/12/20,7843.5
24/12/20,7787.5
29/12/20,7859.5
30/12/20,7847.5
31/12/20,7766
04/01/21,7860.5
05/01/21,8002
06/01/21,8037.5
07/01/21,8179
08/01/21,8131
11/01/21,7864
12/01/21,7975.5
13/01/21,8009
14/01/21,8048.5
15/01/21,7949
18/01/21,7971.5
19/01/21,7954
20/01/21,8044.5
21/01/21,8021.5
22/01/21,7997.5
25/01/21,7969
26/01/21,8008.5
27/01/21,7825
28/01/21,7873
29/01/21,7856
01/02/21,7798.5
02/02/21,7777
03/02/21,7842.5
04/02/21,7823
05/02/21,7912.5
08/02/21,8037
09/02/21,8147.5
10/02/21,8299.5
11/02/21,8280.5
12/02/21,8332
15/02/21,8393.5
16/02/21,8405.5
17/02/21,8390
18/02/21,8553
19/02/21,8909.5
22/02/21,9097
23/02/21,9206.5
24/02/21,9308.5
25/02/21,9412.5
26/02/21,9077
01/03/21,9044
02/03/21,9170.5
03/03/21,9101.5
04/03/21,8907.5
05/03/21,8895.5
08/03/21,8998.5
09/03/21,8779.5
10/03/21,8861.5
11/03/21,9057.5
12/03/21,9085
15/03/21,9144.5
16/03/21,8960.5
17/03/21,9065.5
18/03/21,9055.5
19/03/21,9057
22/03/21,9108.5
23/03/21,8980
24/03/21,8977.5
25/03/21,8779.5
26/03/21,8962
29/03/21,8865
30/03/21,8773.5
31/03/21,8785.5
01/04/21,8790
06/04/21,9047
07/04/21,8915.5
08/04/21,9008
09/04/21,8926.5
12/04/21,8861
13/04/21,8899.5
14/04/21,9074.5
15/04/21,9284
16/04/21,9211
19/04/21,9376
20/04/21,9322
21/04/21,9445
22/04/21,9401
23/04/21,9551.5
26/04/21,9751
27/04/21,9855.5
28/04/21,9876
29/04/21,9885
30/04/21,9825
04/05/21,9966
05/05/21,9949.5
06/05/21,10092
07/05/21,10417
10/05/21,10382
11/05/21,10460
12/05/21,10445.5
13/05/21,10342
14/05/21,10240.5
17/05/21,10373
18/05/21,10405
19/05/21,10001.5
20/05/21,10048
21/05/21,9881.5
24/05/21,9947
25/05/21,9918
26/05/21,9979
27/05/21,10221
28/05/21,10258
01/06/21,10245
02/06/21,10147.5
03/06/21,9788.5
04/06/21,9955
07/06/21,9900.5
08/06/21,9964
09/06/21,9978.5
10/06/21,9890
11/06/21,10003.5
14/06/21,9971.5
15/06/21,9569.5
16/06/21,9667
17/06/21,9315.5
18/06/21,9145.5
21/06/21,9180
22/06/21,9301
23/06/21,9482.5
24/06/21,9419
25/06/21,9413.5
28/06/21,9388
29/06/21,9334.5
30/06/21,9374.5
01/07/21,9322
02/07/21,9376.5
05/07/21,9511
06/07/21,9312
07/07/21,9455
08/07/21,9323
09/07/21,9519.5
12/07/21,9409
13/07/21,9412.5
14/07/21,9342.5
15/07/21,9486.5
16/07/21,9427
19/07/21,9222
20/07/21,9336
21/07/21,9347
22/07/21,9441.5
23/07/21,9516
26/07/21,9809.5
27/07/21,9758.5
28/07/21,9686
29/07/21,9823.5
30/07/21,9728
02/08/21,9700.5
03/08/21,9541.5
04/08/21,9466
05/08/21,9491.5
06/08/21,9468
09/08/21,9369.5
10/08/21,9520.5
11/08/21,9512
12/08/21,9467.5
13/08/21,9570
16/08/21,9442
17/08/21,9247.5
18/08/21,9042.5
19/08/21,8894
20/08/21,9037
23/08/21,9273.5
24/08/21,9376
25/08/21,9356
26/08/21,9299.5
27/08/21,9410
31/08/21,9520
01/09/21,9335.5
02/09/21,9376.5
03/09/21,9431
06/09/21,9450.5
07/09/21,9350.5
08/09/21,9249
09/09/21,9387.5
10/09/21,9694.5
13/09/21,9562.5
14/09/21,9442
15/09/21,9627
16/09/21,9366.5
17/09/21,9312
20/09/21,9033
21/09/21,8975.5
22/09/21,9286
23/09/21,9273.5
24/09/21,9332.5
27/09/21,9362
28/09/21,9269
29/09/21,9155
30/09/21,8936.5
01/10/21,9128
04/10/21,9250.5
05/10/21,9174
06/10/21,9045.5
07/10/21,9280
08/10/21,9361
11/10/21,9543
12/10/21,9465
13/10/21,9651
14/10/21,9984
15/10/21,10281
18/10/21,10196
19/10/21,10149.5
20/10/21,10185.5
21/10/21,9831.5
22/10/21,9704
25/10/21,9867.5
26/10/21,9788.5
27/10/21,9548
28/10/21,9666.5
29/10/21,9496
01/11/21,9555
02/11/21,9495.5
03/11/21,9458.5
04/11/21,9439
05/11/21,9518
08/11/21,9637.5
09/11/21,9553
10/11/21,9533
11/11/21,9633.5
12/11/21,9711
15/11/21,9673
16/11/21,9561
17/11/21,9406.5
18/11/21,9441.5
19/11/21,9646.5
22/11/21,9726.5
23/11/21,9710.5
24/11/21,9835
25/11/21,9801.5
26/11/21,9460
29/11/21,9577.5
30/11/21,9442.5
01/12/21,9444
02/12/21,9496
03/12/21,9418
06/12/21,9505
07/12/21,9595
08/12/21,9652.5
09/12/21,9534.5
10/12/21,9506.5
13/12/21,9447.5
14/12/21,9412
15/12/21,9199.5
16/12/21,9507.5
17/12/21,9437.5
20/12/21,9446.5
21/12/21,9534
22/12/21,9607
23/12/21,9612
24/12/21,9568
29/12/21,9680.5
30/12/21,9691.5
31/12/21,9720.5
04/01/22,9768
05/01/22,9698
06/01/22,9531
07/01/22,9647
10/01/22,9563.5
11/01/22,9719.5
12/01/22,10064
13/01/22,9958.5
14/01/22,9719.5
17/01/22,9731
18/01/22,9676
19/01/22,9841.5
20/01/22,9990
21/01/22,9941
24/01/22,9728
25/01/22,9801
26/01/22,9916.5
27/01/22,9782
28/01/22,9507.5
31/01/22,9506
01/02/22,9696.5
02/02/22,9839.5
03/02/22,9832.5
04/02/22,9841.5
07/02/22,9777.5
08/02/22,9781
09/02/22,10059
10/02/22,10254
11/02/22,9860.5
14/02/22,9920
15/02/22,9968.5
16/02/22,9992.5
17/02/22,9929
18/02/22,9956
21/02/22,9898
22/02/22,9915
23/02/22,9866
24/02/22,9864
25/02/22,9873
28/02/22,9883.5
01/03/22,10061.5
02/03/22,10166
03/03/22,10351
04/03/22,10674
07/03/22,10281.5
08/03/22,10209
09/03/22,10001.5
10/03/22,10117
11/03/22,10183.5
14/03/22,9935
15/03/22,9904
16/03/22,10054
17/03/22,10243
18/03/22,10331
21/03/22,10295
22/03/22,10268
23/03/22,10438.5
24/03/22,10349.5
25/03/22,10267
28/03/22,10341
29/03/22,10316.5
30/03/22,10367.5
31/03/22,10375
01/04/22,10353.5
04/04/22,10469
05/04/22,10455
06/04/22,10305
07/04/22,10311.5
08/04/22,10323.5
11/04/22,10200.5
12/04/22,10342.5
13/04/22,10299
14/04/22,10315
19/04/22,10304.5
20/04/22,10223
21/04/22,10285
22/04/22,10110
25/04/22,9769
26/04/22,9860
27/04/22,9856
28/04/22,9697
29/04/22,9769.5
03/05/22,9410
04/05/22,9473.5
05/05/22,9489.5
06/05/22,9414.5
09/05/22,9237.5
10/05/22,9228.5
11/05/22,9340
12/05/22,9090
13/05/22,9159
16/05/22,9238.5
17/05/22,9366
18/05/22,9235
19/05/22,9415.5
20/05/22,9422
23/05/22,9548
24/05/22,9453.5
25/05/22,9373
26/05/22,9353
27/05/22,9459
30/05/22,9543
31/05/22,9447.5
01/06/22,9499.5
06/06/22,9745
07/06/22,9699
08/06/22,9730
09/06/22,9615
10/06/22,9447.5
13/06/22,9294
14/06/22,9230.5
15/06/22,9230
16/06/22,9074.5
17/06/22,8961.5
20/06/22,8977.5
21/06/22,8995
22/06/22,8773
23/06/22,8409
24/06/22,8381
27/06/22,8417.5
28/06/22,8365.5
29/06/22,8401
30/06/22,8258
01/07/22,8048
04/07/22,8006
05/07/22,7670
06/07/22,7520.5
07/07/22,7822.5
08/07/22,7805.5
11/07/22,7584.5
12/07/22,7354
13/07/22,7325.5
14/07/22,7170
15/07/22,7190.5
18/07/22,7426.5
19/07/22,7277.5
20/07/22,7378
21/07/22,7322
22/07/22,7452.5
25/07/22,7479
26/07/22,7536.5
27/07/22,7637
28/07/22,7762
29/07/22,7917.5
01/08/22,7819.5
02/08/22,7806.5
03/08/22,7677.5
04/08/22,7727.5
05/08/22,7870.5
08/08/22,7987.5
09/08/22,7983
10/08/22,8085.5
11/08/22,8173
12/08/22,8091.5
15/08/22,7980
16/08/22,7979
17/08/22,7924.5
18/08/22,8031.5
19/08/22,8078.5
22/08/22,8027
23/08/22,8120
24/08/22,8034.5
25/08/22,8129
26/08/22,8160.5
30/08/22,7864
31/08/22,7801.5
01/09/22,7597
02/09/22,7633
05/09/22,7653.5
06/09/22,7683
07/09/22,7622.5
08/09/22,7810.5
09/09/22,7856.5
12/09/22,7955.5
13/09/22,7868.5
14/09/22,7803
15/09/22,7729.5
16/09/22,7762
19/09/22,7753.5
20/09/22,7758
21/09/22,7690
22/09/22,7680
23/09/22,7433
26/09/22,7341.5
27/09/22,7353
28/09/22,7422
29/09/22,7542
30/09/22,7560
03/10/22,7508
04/10/22,7718
05/10/22,7679.5
06/10/22,7607.5
07/10/22,7457.5
10/10/22,7578.5
11/10/22,7596
12/10/22,7545
13/10/22,7573
14/10/22,7538.5
17/10/22,7562.5
18/10/22,7421
19/10/22,7386.5
20/10/22,7560.5
21/10/22,7624
24/10/22,7556
25/10/22,7523
26/10/22,7792
27/10/22,7764.5
28/10/22,7550
31/10/22,7450
01/11/22,7652
02/11/22,7626.5
03/11/22,7561
04/11/22,8099
07/11/22,7914.5
08/11/22,8115.5
09/11/22,8104.5
10/11/22,8271.5
11/11/22,8492.5
14/11/22,8375
15/11/22,8376.5
16/11/22,8293.5
17/11/22,8110
18/11/22,8076
21/11/22,7880.5
22/11/22,8013
23/11/22,8005
24/11/22,8041
25/11/22,8008
28/11/22,7959
29/11/22,8037.5
30/11/22,8239
01/12/22,8336
02/12/22,8450
05/12/22,8391
06/12/22,8421.5
07/12/22,8456.5
08/12/22,8543
09/12/22,8543
12/12/22,8374
13/12/22,8497
14/12/22,8516.5
15/12/22,8293.5
16/12/22,8266.5
19/12/22,8320
20/12/22,8354.5
21/12/22,8393.5
22/12/22,8310.5
23/12/22,8349.5
28/12/22,8443
29/12/22,8418
30/12/22,8372
03/01/23,8321.5
04/01/23,8252
05/01/23,8374.5
06/01/23,8589.5
09/01/23,8859.5
10/01/23,8912
11/01/23,9124.5
12/01/23,9187
13/01/23,9185.5
16/01/23,9104.5
17/01/23,9287
18/01/23,9323.5
19/01/23,9305.5
20/01/23,9324
23/01/23,9356
24/01/23,9314.5
25/01/23,9314.5
26/01/23,9329.5
27/01/23,9263.5
30/01/23,9210
31/01/23,9222.5
01/02/23,9087
02/02/23,9052.5
03/02/23,8980.5
06/02/23,8871.5
07/02/23,8925
08/02/23,8892.5
09/02/23,8983
10/02/23,8857.5
13/02/23,8938
14/02/23,8946.5
15/02/23,8857.5
16/02/23,9023
17/02/23,8987.5
20/02/23,9141.5
21/02/23,9200.5
22/02/23,9112
23/02/23,8904
24/02/23,8716.5
27/02/23,8802
28/02/23,8961
01/03/23,9100.5
02/03/23,8958.5
03/03/23,8983.5
06/03/23,8920.5
07/03/23,8763.5
08/03/23,8910.5
09/03/23,8853
10/03/23,8867
13/03/23,8931
14/03/23,8833.5
15/03/23,8504.5
16/03/23,8518
17/03/23,8580
20/03/23,8697.5
21/03/23,8757.5
22/03/23,8888.5
23/03/23,9031
24/03/23,8921.5
27/03/23,8964
28/03/23,8978
29/03/23,9002.5
30/03/23,9001
31/03/23,8993
03/04/23,8917
04/04/23,8751
05/04/23,8782
06/04/23,8800
11/04/23,8854.5
12/04/23,8916.5
13/04/23,9058.5
14/04/23,9023.5
17/04/23,8964.5
18/04/23,9012.5
19/04/23,8965.5
20/04/23,8881
21/04/23,8794.5
24/04/23,8730.5
25/04/23,8528
26/04/23,8552.5
27/04/23,8586.5
28/04/23,8595.5
02/05/23,8514
03/05/23,8468.5
04/05/23,8493.5
05/05/23,8581.5
09/05/23,8591.5
10/05/23,8475
11/05/23,8163.5
12/05/23,8253
15/05/23,8272.5
16/05/23,8121.5
17/05/23,8302
18/05/23,8172.5
19/05/23,8251.5
22/05/23,8127.5
23/05/23,8102
24/05/23,7901.5
25/05/23,7962.5
26/05/23,8135
30/05/23,8123
31/05/23,8089
01/06/23,8243.5
02/06/23,8237
05/06/23,8335
06/06/23,8339
07/06/23,8293.5
08/06/23,8347.5
09/06/23,8371.5
12/06/23,8310.5
13/06/23,8460
14/06/23,8509
15/06/23,8558
16/06/23,8566.5
19/06/23,8540
20/06/23,8548
21/06/23,8602.5
22/06/23,8574
23/06/23,8390.5
26/06/23,8391
27/06/23,8363
28/06/23,8255
29/06/23,8177.5
30/06/23,8315.5
03/07/23,8398
04/07/23,8359.5
05/07/23,8319
06/07/23,8261.5
07/07/23,8370.5
10/07/23,8372.5
11/07/23,8322.5
12/07/23,8499.5
13/07/23,8694
14/07/23,8673.5
17/07/23,8491
18/07/23,8473
19/07/23,8429
20/07/23,8485.5
21/07/23,8452
24/07/23,8517
25/07/23,8673.5
26/07/23,8617.5
27/07/23,8569
28/07/23,8662.5
31/07/23,8831.5
01/08/23,8631
02/08/23,8509.5
03/08/23,8611
04/08/23,8573
07/08/23,8485
08/08/23,8347.5
09/08/23,8397.5
10/08/23,8386
11/08/23,8294.5
14/08/23,8291.5
15/08/23,8199.5
16/08/23,8167
17/08/23,8235.5
18/08/23,8240.5
21/08/23,8274.5
22/08/23,8362.5
23/08/23,8452
24/08/23,8359.5
25/08/23,8355.5
29/08/23,8448.5
30/08/23,8472.5
31/08/23,8422.5
01/09/23,8500.5
04/09/23,8452
05/09/23,8487
06/09/23,8371.5
07/09/23,8321
08/09/23,8242.5
11/09/23,8402
12/09/23,8391
13/09/23,8417
14/09/23,8417.5
15/09/23,8405.5
18/09/23,8359.5
19/09/23,8292.5
20/09/23,8345.5
21/09/23,8194
22/09/23,8222
25/09/23,8145.5
26/09/23,8091
27/09/23,8114
28/09/23,8217.5
29/09/23,8270.5
02/10/23,8053
03/10/23,8006.5
04/10/23,7949.5
05/10/23,7899
06/10/23,8046
09/10/23,8104
10/10/23,8022.5
11/10/23,8024
12/10/23,7991
13/10/23,7949
16/10/23,7976.5
17/10/23,7970.5
18/10/23,7972.5
19/10/23,7993
20/10/23,7948.5
23/10/23,7972
24/10/23,8051.5
25/10/23,8032
26/10/23,7985.5
27/10/23,8099
30/10/23,8140.5
31/10/23,8110.5
01/11/23,8109.5
02/11/23,8143
03/11/23,8175.5
06/11/23,8238
07/11/23,8186.5
08/11/23,8142
09/11/23,8147
10/11/23,8035.5
13/11/23,8167
14/11/23,8235
15/11/23,8265.5
16/11/23,8220
17/11/23,8267
20/11/23,8430.5
21/11/23,8449
22/11/23,8353.5
23/11/23,8409.5
24/11/23,8428.5
27/11/23,8364
28/11/23,8473
29/11/23,8415.5
30/11/23,8464.5
01/12/23,8610.5
04/12/23,8443
05/12/23,8334.5
06/12/23,8286
07/12/23,8342
08/12/23,8448.5
11/12/23,8341
12/12/23,8355
13/12/23,8330
14/12/23,8551.5
15/12/23,8549
18/12/23,8482.5
19/12/23,8593.5
20/12/23,8582.5
21/12/23,8595.5
22/12/23,8573.5
27/12/23,8690.5
28/12/23,8624.5
29/12/23,8559
02/01/24,8544.5
03/01/24,8517
04/01/24,8466.5
05/01/24,8463
08/01/24,8448
09/01/24,8369.5
10/01/24,8370.5
11/01/24,8355
12/01/24,8339
15/01/24,8381
16/01/24,8354.5
17/01/24,8268
18/01/24,8310
19/01/24,8351
22/01/24,8345.5
23/01/24,8405
24/01/24,8562.5
25/01/24,8568.5
26/01/24,8545.5
29/01/24,8558
30/01/24,8558
